repo	branch	candidate_commit	committed_at	commits_after_cutoff	status
expressjs/express	master	1140301f6a0ed5a05bc1ef38d48294f75a49580c	2026-02-10T00:10:13+01:00	46	candidate
fastify/fastify	main	2837be64267dca1ed4069111398401feded29f90	2026-02-12T14:41:33+01:00	259	candidate
koajs/koa	master	fecd464ae7be82bd71b275c1faa746dd1c45ef5b	2026-01-04T00:14:56+01:00	29	candidate
hapijs/hapi	master	303571b833f1d5d513e69d706cfcb79e12367f83	2025-11-06T10:40:40+01:00	16	candidate
nestjs/nest	master	473810cc85dd40e6fd1da4edbf9bbf4367262500	2026-02-13T17:40:00+01:00	2039	candidate
trpc/trpc	main	537096ab5d18552caae6bb2325a6849c947382f6	2026-02-13T00:04:17Z	167	candidate
feathersjs/feathers	dove	f71178917bf5d38f2591c412b0f6edc69f211ee8	2026-02-02T16:17:48-08:00	36	candidate
adonisjs/core	7.x	cfa5e88cf69d80bc28c21f640caab5b4853bd856	2026-02-13T11:04:17+05:30	76	candidate
moleculerjs/moleculer	master	5d15ba4e6fef71463257322fe9f246f3d50e369d	2025-12-12T19:10:12+03:00	389	candidate
total-typescript/ts-reset	main	22f39a8da0b7b180abbf0ded45c46db6feb33771	2024-10-22T08:42:41+01:00	20	candidate
TryGhost/Ghost	main	2f16e2d4e307e0e0cd05dcea3ac9f9200b5d6637	2026-02-13T15:33:02Z	50089	candidate
strapi/strapi	develop	e5475e965ebee98a8b25d9315d522dbbe2c00942	2026-02-13T15:23:15+01:00	1217	candidate
keystonejs/keystone	main	73646acadb5c049684d71f88cb1c370764912f9f	2026-02-09T10:36:28+11:00	197	candidate
payloadcms/payload	main	f74d288fc08e9c1c9e61d1a97ec0bd5a6de6beff	2026-02-13T18:10:54Z	1154	candidate
directus/directus	main	551ce1174d2c203a886718bd8d8453c39a34f409	2026-02-13T16:57:30-05:00	538	candidate
apostrophecms/apostrophe	main	ac11eb09d345f8099cc06c079f2daeeb8421d94b	2026-02-13T13:50:54-05:00	216	candidate
Putaitu/hashbrown-cms	stable	e04595e7eb19c658a59817f25048ee5fd99d012b	2022-06-27T09:36:13+02:00	0	candidate
gilbitron/Raneto	main	9f9fb0ac1b5c256ef87e7fd837d80821830763ae	2025-09-15T06:20:40-05:00	44	candidate
getgrav/grav	develop	420a99f6f8bbc4172cd0f01afce028ea84db70fa	2026-02-10T15:18:49-07:00	668	candidate
webiny/webiny-js	next	df22fac3563a839b5f20eb34b51b0558ef7e9604	2026-02-13T23:04:07+01:00	1043	candidate
sahat/hackathon-starter	master	bb265d154d5a90f199a6c3df498ddfd15340cb84	2026-02-12T11:15:40Z	239	candidate
hagopj13/node-express-boilerplate	master	179ae84efec61b14206d0305d941daed6c6d07f9	2023-08-12T12:20:47+02:00	0	candidate
santiq/bulletproof-nodejs	master	7ce1b4690c4e96659cb1ed0d367b08b3ab35a24b	2021-09-01T21:29:49-03:00	0	candidate
danielfsousa/express-rest-boilerplate	main	b8bed6d7cfce3cf2ef89ec1b5e47b52dfc50e874	2022-11-18T22:53:21-03:00	0	candidate
madhums/node-express-mongoose	master	86e569617f8e5a382e524bc6f3eed99ad3772a2a	2024-09-21T12:32:21+02:00	0	candidate
w3tecch/express-typescript-boilerplate	develop	17727010f7f098d8ca8b78da0a5b3c7297659381	2021-05-03T22:21:14+02:00	0	candidate
edwinhern/express-typescript	master	f795eab920730af950d9983ee6462e40f52f2ce8	2025-08-13T15:48:48Z	2	candidate
kunalkapadia/express-mongoose-es6-rest-api	develop	247fedde56e380fae720ce65ff65a7d0b034b3e2	2020-07-05T16:42:06+05:30	0	candidate
maitraysuthar/rest-api-nodejs-mongodb	master	6a1ba2da70a26b010d5aa1791a778a69b8ce7396	2021-02-21T21:06:18+05:30	0	candidate
kriasoft/react-starter-kit	main	a2eab13c18481b0b0f7b5d7bd24e9ba9fdfc6305	2026-01-24T15:47:11+01:00	22	candidate
react-boilerplate/react-boilerplate	master	d19099afeff64ecfb09133c06c1cb18c0d40887e	2019-04-18T20:48:40+03:00	0	candidate
talyssonoc/node-api-boilerplate	main	7e6ae0e968e032b92baf262622d6075260332b28	2022-08-25T15:38:26-03:00	0	candidate
gothinkster/node-express-realworld-example-app	master	30b68e1e881462b2f4164ea09ab4c4f5699c7b0b	2024-01-04T16:28:24+01:00	0	candidate
gothinkster/koa-knex-realworld-example	master	602e234139c453825eb3939cf24bdf00fc164e0e	2021-09-06T22:41:46+02:00	0	candidate
linnovate/mean	master	5c12e1303c911345f17229ce0b5efbfd3e0a32df	2024-11-08T00:59:52+02:00	0	candidate
RocketChat/Rocket.Chat	develop	11e1c51f0867a35c69ce9b6eeca25dbbe2c71872	2026-02-13T22:19:08Z	1544	candidate
wekan/wekan	main	217cd7bcb6f61ef1673cbf53180ac6249c315461	2026-02-13T18:45:59+02:00	19949	candidate
outline/outline	main	b4053f344fa4b1ea340b4d2e69dcaa0b9cd40836	2026-02-13T17:27:20-05:00	1590	candidate
medusajs/medusa	develop	d902a79b9554c8d82658753b407c3f98ba2fff1a	2026-02-13T17:59:30+02:00	1267	candidate
calcom/cal.com	main	c21281a55c3d2c047845d37ce36731e7ad64b964	2026-02-13T18:09:39Z	293	candidate
nocodb/nocodb	develop	6ed843fbfee2849c1717df721c9ef5952ec83ff7	2026-02-12T21:02:12+05:30	6020	candidate
n8n-io/n8n	master	ccae2e6443a5513c124d38dd75d762a00fbb901f	2026-02-13T18:48:56Z	7457	candidate
appwrite/appwrite	main	a151959903f02d9ae0bdf9ac71d3e2e4f0c944bb	2026-02-13T20:54:56Z	17200	candidate
verdaccio/verdaccio	master	cda2467f6bc845ff1dada90dc5fd3933106c7729	2026-02-02T10:18:51+01:00	402	candidate
ether/etherpad-lite	develop	3c28413df3c1762dd7298b147fb2ba4f5db82454	2026-02-12T13:03:56+01:00	843	candidate
NodeBB/NodeBB	master	71d4a6fc4e98117d203f93b083a4804bdecaf718	2026-02-13T12:29:23-05:00	2750	candidate
parse-community/parse-server	alpha	8cfc85642486cdd8a14a7ccd953422c4976b8cfa	2026-02-12T23:20:12Z	562	candidate
Countly/countly-server	master	fa86b1fff3bf52e898d76f5a4a69a9a92556894f	2026-02-12T17:40:59+02:00	1839	candidate
umami-software/umami	master	631cc46f7f485877f4da08deeed4a687311ccd87	2026-02-13T11:48:15-08:00	970	candidate
ToolJet/ToolJet	main	5f37db23f90a59c93fd3f94a8ed3463401361837	2026-02-13T19:41:51+05:30	4184	candidate
twentyhq/twenty	main	d54b7132640ebc989f8c856f331e3f88f8df29cf	2026-02-13T18:20:37+01:00	6103	candidate
hoppscotch/hoppscotch	main	ff906b7c969c84dd42f913fed594fbd96d16463d	2026-02-05T15:39:47+05:30	185	candidate
Budibase/budibase	master	6c46589c479694fd699911e683f3c91b73d789d1	2026-02-13T19:02:01Z	9190	candidate
ever-co/ever-gauzy	develop	3a7a7d5851502add17aba2325e444bc485a831cf	2026-02-14T04:38:48+07:00	1763	candidate
invoiceninja/invoiceninja	v5-stable	6ab7ac8e9d7c48f0e4651f698b4c1d6fc0c8d594	2026-02-14T09:26:38+11:00	1474	candidate
wojtekmaj/react-pdf	main	6403a709077527f77d606434b1ebc71a763c4ebe	2026-02-13T23:22:15+01:00	126	candidate
lobehub/lobe-chat	canary	f46916a74da3727e8827df483cbe02ab1d2bf28a	2026-02-14T00:31:16+08:00	5316	candidate
immich-app/immich	main	2fb9f84b5662904c73f97bf570bdd7316e10972e	2026-02-13T18:47:41+01:00	1919	candidate
maybe-finance/maybe	main	77b5469832758d1cbee1a940f3012a1ae1c74cd3	2025-07-24T18:20:44-04:00	0	candidate
documenso/documenso	main	d66c330d460d9f2525f2ce3dfed1822bcef5500e	2026-02-12T18:25:11+11:00	437	candidate
vercel/next.js	canary	e0668e46689d75d7f2b44b8d634dcaeecfeeb741	2026-02-13T22:24:44Z	3334	candidate
nuxt/nuxt	main	2ce74c5ed9cce3bffb3f17c225f1a43f25127288	2026-02-13T14:38:53Z	1191	candidate
sveltejs/kit	main	df6cf793be013339c88ecf57e59c62a9d504ac7a	2026-02-13T11:51:26-08:00	1345	candidate
remix-run/remix	main	11171242651eece1b62009fbbc9a0a2c84a76f3d	2026-02-13T12:39:19-05:00	1104	candidate
withastro/astro	main	2c6484a4c34e86b8a26342a48986da26768de27b	2026-02-13T17:16:22-05:00	1619	candidate
gatsbyjs/gatsby	master	f4b7a4d0f09df039405333b95dd921f84a7c527d	2026-02-11T12:49:41-05:00	86	candidate
redwoodjs/redwood	main	a7852fb92d0e4ac2bcce1d9a755717ba6cf53ffd	2025-12-13T22:07:31+02:00	0	candidate
blitz-js/blitz	main	b18f81873e641934043f791fec06e22f5fe5a86e	2025-09-11T13:02:08Z	0	candidate
hexojs/hexo	master	0d9dd5f74916140fac75b410f700166979b7caf3	2026-02-09T00:51:08+09:00	28	candidate
11ty/eleventy	main	ac8fefd3acdabae6c3c5dc767de354674cedda8c	2026-02-12T14:49:19-06:00	216	candidate
webpack/webpack	main	655fe2acc9b745baba67ec2f6f0d95a69858b456	2026-02-13T13:37:22+03:00	1415	candidate
vitejs/vite	main	a2aab8de9490c0fcc8936c5a7f6da795312c289e	2026-02-13T20:09:40+08:00	790	candidate
parcel-bundler/parcel	v2	59484858a1a0bcbb71f74088956bb437a2db6505	2026-02-01T19:20:22-08:00	0	candidate
evanw/esbuild	main	9129e00e6c36a3e374820cb5e3fc2cd319c8ab85	2026-02-05T16:52:09-05:00	85	candidate
rollup/rollup	master	c49fba1e8df6654c8f424350dc6871fa29acb17b	2026-02-12T20:10:59Z	228	candidate
swc-project/swc	main	b7e87c7b951cb8f62d6b22a5cfa2105310a91ccc	2026-02-07T01:17:32Z	742	candidate
babel/babel	main	b6c765e22b2f9d9e4b096d4c2a8ca5f0e272f3a0	2026-02-13T15:28:15+01:00	305	candidate
vercel/turbo	main	66e37f04afe72bd6f0494716beda6b77f65e8f1a	2026-02-13T15:14:33-07:00	2003	candidate
biomejs/biome	main	548357081eae237ff6addbf88ba19a303d06c7bb	2026-02-13T16:02:47-05:00	1753	candidate
eslint/eslint	main	04c21475b3004904948f02049f2888b401d82c78	2026-02-13T08:59:53+01:00	447	candidate
google/zx	main	97e975c0c2008056d02337b058095c7b48ce0c3a	2026-02-13T19:14:46+03:00	34	candidate
shelljs/shelljs	main	013fc0041b15ecc28ef2a3aa19d891a7471ecd87	2026-02-01T12:05:29-08:00	10	candidate
lerna/lerna	main	5f3669c93f17caaf52c4b9916280bb5158446732	2026-02-11T00:30:26+04:00	177	candidate
changesets/changesets	main	b6f4c748c4ba50b5ac608f3ce41229526d1bfe94	2026-02-04T15:37:36+01:00	317	candidate
semantic-release/semantic-release	master	babf600386165845c42ed0f05b64a16a92f36255	2026-02-13T18:13:28Z	201	candidate
commitizen/cz-cli	master	3c08866d9a8788c25798035f2dee7feaa6c03287	2024-09-27T09:49:52-05:00	7	candidate
typicode/husky	main	15a2e7eb1b4acdfe86ea777eb92b07b5e1e8bc26	2026-02-07T11:36:42+01:00	2	candidate
lint-staged/lint-staged	main	e15178a1264942db1ccb9f96ec1b975815fcf880	2026-02-07T08:36:39+02:00	275	candidate
vercel/pkg	main	9066ceeb391d9c7ba6aba650109c2fa3f8e088eb	2024-01-02T19:35:22-06:00	0	candidate
tj/commander.js	master	b51c0ea3d012ea165d7e50bb375f4db67b9d8e75	2026-02-09T20:51:47+13:00	75	candidate
yargs/yargs	main	971e351705f0fbc5566c6ed1dfd707fa65e11c0d	2025-07-15T12:53:44-04:00	24	candidate
enquirer/enquirer	master	70bdb0fedc3ed355d9d8fe4f00ac9b3874f94f61	2023-07-28T08:25:32-04:00	0	candidate
SBoudrias/Inquirer.js	main	ad95368df5b3b28c8e2846795900aed27af67ca4	2026-02-10T18:25:22-08:00	304	candidate
sindresorhus/execa	main	f3a2e8481a1e9138de3895827895c834078b9456	2026-01-29T10:54:56+07:00	24	candidate
pnpm/pnpm	main	491813fc14086294d7f2c25f261f927920d884d6	2026-02-13T22:08:36+01:00	4005	candidate
npm/cli	latest	21c3f02cdc5abca7d3f334dc97a45f6110f87c38	2026-02-11T16:06:25-05:00	385	candidate
yarnpkg/berry	master	60b83ace11bd36270c1ed117319139eaa6971db3	2026-01-04T09:59:41+01:00	82	candidate
volta-cli/volta	main	5eedd5fb2f682baceb47a242289111fcd79435a5	2025-11-15T08:59:36-07:00	0	candidate
nvm-sh/nvm	master	ab77712867dac4ff1015427e3bf9aef0706b1b1a	2025-10-25T19:19:05+08:00	64	candidate
Schniz/fnm	master	1ebc90decf58c2176dcbd4f8ac00ecb3adb1de12	2025-07-20T11:07:21+03:00	11	candidate
jestjs/jest	main	f459dd6377127410ded569cd4aa176834c4ec845	2026-02-06T08:55:43+09:00	240	candidate
mochajs/mocha	main	430960c32f239ce830c7cef87a636accfae33150	2026-02-13T12:36:50-05:00	327	candidate
avajs/ava	main	792b0e80df8fb7b85330493d15fbb0fd7620fae2	2025-11-05T16:56:45+01:00	20	candidate
cypress-io/cypress	develop	05b951c48054b9a7c28b565b869cd31a9c375e6e	2026-02-13T14:10:24-05:00	1200	candidate
playwright-community/jest-playwright	main	3437dae6693ede66ec70883834a0a14f9d58bb6d	2023-11-17T10:54:43+01:00	0	candidate
vitest-dev/vitest	main	9918e0da361c196841ebdeeab5212d9132e739c2	2026-02-13T17:55:40+09:00	791	candidate
stryker-mutator/stryker-js	master	768a4c45161a58261bffe24c2c65ab06e2095014	2026-02-13T21:31:17Z	312	candidate
nock/nock	main	db0b28005ae4531277f77c52b56694cb484f802e	2026-02-09T21:50:45+02:00	17	candidate
ladjs/supertest	master	d7997513dcfb2f918e617f48ea4d56006aa0c3c3	2026-01-06T03:26:19-06:00	23	candidate
sinonjs/sinon	main	3cf4e77d2c20a63a27c0ac14e0186f45761a0b77	2026-02-12T17:19:11+01:00	76	candidate
jaredhanson/passport	master	217018dbc46dcd4118dd6f2c60c8d97010c587f8	2024-08-16T14:56:08-07:00	0	candidate
jaredhanson/passport-local	master	6045c1cd62a1e6e56afe851eb7304549a597ac23	2022-12-15T07:28:28-08:00	0	candidate
auth0/node-jsonwebtoken	master	ed59e76ea37a80f54b833668c02a5271984dcba3	2025-12-04T11:22:43+01:00	4	candidate
kelektiv/node.bcrypt.js	master	b3d27019415649edf2f5c28122d1264c8a20a73c	2026-02-09T11:04:06+04:00	3	candidate
dcodeIO/bcrypt.js	main	1211e9a2213e0b3ee232a204b3ce899beebce31a	2025-11-02T23:08:07+01:00	0	candidate
panva/jose	main	3fe48142c00af5dcb536e7310bddae6e411e169f	2026-02-01T21:16:12+01:00	231	candidate
lucia-auth/lucia	main	bcee386807d61f0088eca136ae4cc2a053c3f3a6	2025-07-14T08:55:43+09:00	9	candidate
nextauthjs/next-auth	main	f4570683676039dfa4e47e3fd69224d74dc7f6ca	2026-02-07T13:40:57-08:00	24	candidate
supertokens/supertokens-node	master	830d41c84477439f90a89c82a794e1cc775e1d4a	2026-01-26T12:13:50+01:00	46	candidate
ory/kratos	master	85590e8a4ca192ebf8aad6a2ce79f5dc50c5f53f	2026-02-13T08:44:21Z	252	candidate
typicode/json-server	main	221f2b855734d65309d09a849955a51db57c96ca	2026-02-11T01:26:48+01:00	41	candidate
mongo-express/mongo-express	master	65bb1dd260c953fa647ef6ea29d02ff44cb69062	2025-11-23T14:22:49+01:00	78	candidate
node-red/node-red	main	9b3e9ee4b70f3f989ccc2939fba629eec3e4c3b2	2026-02-13T15:08:42+01:00	809	candidate
graphql/graphql-js	17.x.x	49450d85c3dfb1301faac61da08830896929d5fd	2026-02-11T13:55:39+02:00	522	candidate
apollographql/apollo-server	main	e66bd0bfc235bba7d55ec7b353f65aee865448f1	2026-02-04T13:04:36+01:00	22	candidate
prisma/prisma	main	68a5e6cd93ef42eaa94b4fe4150a27e9057ed864	2026-02-13T16:09:39+07:00	6168	candidate
sequelize/sequelize	main	60b75189751e534b6853a56513df3453feb045b1	2026-02-10T17:36:48Z	229	candidate
typeorm/typeorm	master	24977e3dac6d5d471f73e60371cd54d8627de46c	2026-02-03T19:48:48+01:00	340	candidate
knex/knex	master	5345974680285d0dbaab4cf5da146df7e6e2aad9	2026-02-03T03:38:19+02:00	81	candidate
Automattic/mongoose	master	7a73025db14ccdbd2691cb36ceede4776d27fadb	2026-02-11T15:31:01-05:00	1255	candidate
agenda/agenda	main	ff622d43a5177bf6c69444ec5eb433826c7ee10b	2026-02-08T22:46:25+01:00	49	candidate
OptimalBits/bull	develop	b1f3d4ec0714f36133aa57af8e41b66d8d713165	2025-11-13T15:15:48+01:00	7	candidate
taskforcesh/bullmq	master	c17cc228b94e80df6e4eda85ac68250924cf279b	2026-02-12T19:16:46-06:00	720	candidate
bee-queue/bee-queue	master	3e94f5620b375f211a3e16cffdc4c3342a782cef	2026-02-12T13:45:00-05:00	67	candidate
helmetjs/helmet	main	86bfdd3c611d3f6a9284bc82cd5ba028de3f4ce1	2026-02-03T09:07:30-06:00	60	candidate
expressjs/multer	main	c13ab9494da3e70a1b9f776f2ac493564915d136	2026-01-28T12:14:01+01:00	82	candidate
lovell/sharp	main	6d18c6fdc6a1a7dbdaeb2776cda9b6f44b6d2e56	2026-02-01T21:20:16Z	182	candidate
nodemailer/nodemailer	master	1dd8eeb5f7ebd4030858de8894a502014035ac36	2026-02-07T10:57:51+02:00	210	candidate
Automattic/juice	master	f093f01f2fcfbb90ee649af50b486f567bc9fa9a	2026-02-04T15:02:59+02:00	157	candidate
gethomepage/homepage	dev	ca7dfb56c8dd79b52f0b74df5bc6ceb87c38db73	2026-02-13T10:00:46-08:00	426	candidate
foliojs/pdfkit	master	1dda5aea4c13c032d80b0235882d567152703eb3	2026-02-13T17:12:36+01:00	107	candidate
bpampuch/pdfmake	master	041a6bb04a7533600aedfb56faccb34da1601cc5	2026-02-13T08:52:47+01:00	46	candidate
SheetJS/sheetjs	github	3f44ddd99c704d7ca35ea76fef7b8af2d2d435cb	2024-01-31T21:08:11-05:00	0	candidate
exceljs/exceljs	master	5bed18b45e824f409b08456b59b87430ded023ab	2024-01-12T14:48:37+01:00	0	candidate
paulmillr/chokidar	main	c6d772a92f30004fdc437d00ecd54fbed041f30e	2025-12-11T19:26:25Z	19	candidate
winstonjs/winston	master	ed45345f01b8ceb1d436e4791d95469c5213a0cf	2025-12-07T01:36:31-06:00	13	candidate
pinojs/pino	main	47c7991b09ff783f1b7f42c1032d1e4e4bf88af5	2026-02-09T09:40:26-08:00	49	candidate
log4js-node/log4js-node	master	7904872ef4368044791b988a2e15141a7487437a	2025-07-14T09:38:28+10:00	17	candidate
motdotla/dotenv	master	9d93f227bd04e1c364da31128a3606f98b321e61	2026-02-12T14:16:57-08:00	180	candidate
node-config/node-config	main	e32eb8c2d6a4f7f06657cb40226cf5ffab23a89e	2026-02-13T16:22:50-06:00	76	candidate
mozilla/node-convict	master	e4964f278458809e475369b2bec6467317ef5a9c	2023-01-07T17:34:36+01:00	8	candidate
cosmiconfig/cosmiconfig	main	a5a842547c13392ebb89a485b9e56d9f37e3cbd3	2023-11-29T21:56:34+01:00	35	candidate
davidtheclark/cosmiconfig	main	a5a842547c13392ebb89a485b9e56d9f37e3cbd3	2023-11-29T21:56:34+01:00	35	candidate
mrmlnc/fast-glob	master	096a5b620f4224eb692bd8ff2c8de0e634e50d8e	2025-01-17T09:30:54+03:00	46	candidate
isaacs/node-glob	main	782e3a74b42d8f71deca7b4b74cea17a600e59d2	2026-02-12T10:51:33-08:00	32	candidate
expressjs/morgan	master	a373c5f25df88c7f31b4abb36306d7e025edcc8c	2025-12-11T13:50:58+01:00	24	candidate
expressjs/cors	master	f00a8c1f0af727ffe5ed35f3b2d0b1a7eb4b65bb	2026-01-22T15:36:50+01:00	3	candidate
expressjs/body-parser	master	4a862fe25221b5c91f9589d27ea1119c7bc2b6b9	2026-02-10T00:01:08+01:00	40	candidate
expressjs/session	master	c10b2a383841766899f6dcf53c8aff8c7fd3d2e7	2026-01-22T15:44:27+01:00	11	candidate
expressjs/serve-static	master	74be78a8ffad679edfe135c457ce141114d96fcc	2025-12-16T22:12:09+01:00	0	candidate
expressjs/compression	master	fb4902f1035649ed2a0baaf17ef3ffa1e62312ae	2025-12-01T13:07:01+01:00	14	candidate
http-party/node-http-proxy	master	9b96cd725127a024dabebec6c7ea8c807272223d	2020-05-17T17:26:59-04:00	0	candidate
chimurai/http-proxy-middleware	master	f0e07050c4ca1905b2ffe860d6c93951bf765f15	2026-02-07T23:03:30+01:00	119	candidate
express-rate-limit/express-rate-limit	main	4e4884c45b41faf47f342234a44965cd5419eb4a	2026-02-12T14:40:16-05:00	97	candidate
expressjs/cookie-parser	master	a0fe6c5d1b213f9e332662358e906f8626ca86ff	2025-12-02T09:28:04+01:00	1	candidate
facebook/docusaurus	main	b0255cd5434dfab1f1ba0708d9e893918c72edd8	2026-02-13T19:15:00+01:00	376	candidate
vuejs/vitepress	main	b28667b6b03d50c4be0d509ec5e7d780f29f8042	2026-02-06T09:24:50+05:30	311	candidate
docsifyjs/docsify	develop	7e29ca092fde725ccd7042f4db7158259a2d4da9	2026-02-05T15:38:39+08:00	73	candidate
jsdoc/jsdoc	main	f6666ff622a7ef01847adb1bbc4c0bb01d8db023	2026-02-11T04:30:18Z	433	candidate
TypeStrong/typedoc	master	882cfb95ad97af81d98d10b4850967819d898477	2026-02-13T18:12:43Z	85	candidate
middleman/middleman	main	e04990cfa23ddb2914a4b4616cfb189b8d0b78bc	2026-01-19T14:48:20Z	11	candidate
metalsmith/metalsmith	master	9190ff2b66f4d72c28f417ae4a29146f49af12de	2026-02-09T21:40:46+01:00	0	candidate
assemble/assemble	master	8f1f412175434f11ecba3893e72e375d1968acd0	2019-06-15T23:58:49-04:00	0	candidate
gridsome/gridsome	master	e396e60ddb9435813dc56cc2d1f98c91c7d64367	2022-09-22T18:11:45+02:00	0	candidate
DimitriMikadze/Mean-Blog	master	01c6ff84a9f2ae92b87827001e63ac13a60eb9d4	2018-04-02T23:30:26+04:00	0	candidate
socketio/socket.io	main	74599a6b9e3dbeff1a9efe46c305d5d25d6e3dd8	2026-01-23T14:55:39+01:00	104	candidate
websockets/ws	master	ca533a53f338c4a40a3881dd6dff7e5867d06893	2026-01-09T13:10:14+01:00	32	candidate
primus/primus	master	7158e36b361c473a915c7df51bfaab199fceeec3	2023-11-06T19:12:54+01:00	0	candidate
uNetworking/uWebSockets.js	master	fee15cda0e4bdb7f1bb0edf8844c1811110af635	2026-01-15T11:27:04+01:00	162	candidate
socketio/engine.io	main	3105a907b734d2e1b0b8dcfa431c5649c8317476	2024-07-09T11:47:02+02:00	0	candidate
gulpjs/gulp	master	61f22dc11bb14234b555253095fa1d224ce0eab1	2026-02-08T22:30:13-08:00	0	candidate
gruntjs/grunt	main	f757c4f7dd4225aea81e23f67b7d2b15f6fd965d	2025-11-05T11:22:47-05:00	10	candidate
open-cli-tools/concurrently	main	2c30e74081d130bf1b3a08cb0a8247df2a79f82f	2025-10-17T10:27:53+02:00	45	candidate
mysticatea/npm-run-all	master	bf91f94ce597aa61da37d2e4208ce8c48bc86673	2019-10-17T16:27:38+09:00	0	candidate
remy/nodemon	main	e045423401baa9c539fdb3750fc3fb73ca8efc4c	2026-02-09T18:12:54Z	34	candidate
facebook/create-react-app	main	6254386531d263688ccfa542d0e628fbc0de0b28	2025-02-14T17:18:18-08:00	0	candidate
vuejs/create-vue	main	09f8a3ade0bfbc3f8c9463025abbd916005daa65	2026-02-12T22:49:50+09:00	232	candidate
angular/angular-cli	main	737095bdc5df5f7f6d2da82da6aad42573b1bf63	2026-02-13T10:44:22+01:00	986	candidate
yeoman/yo	main	1f45646f0292269f427bf5fd55214af1b1479eca	2025-11-12T12:56:31-03:00	16	candidate
plopjs/plop	main	32aae1f7f62c016c60e4b329d246e132c50c9175	2026-01-21T16:55:19-08:00	2	candidate
clinicjs/node-clinic	main	19262605b5647d34e660294e93c0cee62ea3a746	2024-09-19T11:48:15+02:00	0	candidate
davidmarkclements/0x	master	d069a3c339a07255b2b61fea6d5d355ffbf8d630	2025-07-07T11:18:26+02:00	0	candidate
Unitech/pm2	master	643686734ffe2383adb5f52b80a2079ed0e83962	2026-02-08T17:20:38+01:00	62	candidate
mcollina/autocannon	master	225e3a30a6adb8111cd8cf60759bd601936764be	2024-10-15T08:35:23+02:00	2	candidate
microsoft/vscode	main	651ef24e24a494a592773cc9e9d2a25b000327fd	2026-02-13T22:20:02Z	20997	candidate
atom/atom	master	1c3bd35ce238dc0491def9e1780d04748d8e18af	2022-11-22T17:11:57+01:00	0	candidate
jgraph/drawio-desktop	dev	f4616e645cba519f28a8ce51b6b4d6f8b2640a56	2026-02-12T09:23:43+01:00	271	candidate
notable/notable	master	aee95988f3b0d8d0508b56eada087fcdab30a025	2023-03-08T00:05:14Z	0	candidate
marktext/marktext	develop	aa71e33e07845419533d767ad0d260a7c267cec7	2025-11-19T17:19:57+08:00	669	candidate
Zettlr/Zettlr	develop	875c5eab21324ea8e80006b1e376eaf298e7f5a5	2026-02-11T17:04:58+01:00	444	candidate
bitwarden/clients	main	2297082b1aa8341a59280e3f8f5e565582c1dc70	2026-02-13T16:46:29-05:00	2454	candidate
standardnotes/app	main	5e53ec3ff7bc0ba56209a50c4af5886c1d3eeb3c	2026-02-07T18:30:21Z	154	candidate
desktop/desktop	development	8fe30ca5d4d08663d3fcb5d1ba41f9ce907cb04b	2026-02-13T20:47:12+01:00	1546	candidate
GitSquared/edex-ui	master	04a00c4079908788b371c6ecdefff96d0d9950f8	2021-10-20T00:38:10+02:00	0	candidate
Automattic/wp-calypso	trunk	11a2bdefe1d6c8e8a142ba8e22e07cef08eabed0	2026-02-13T15:59:05-05:00	4746	candidate
reactioncommerce/reaction	trunk	b04166ddfb30d28bd96be31c10d612c4b3a84519	2023-06-15T13:56:02+08:00	0	candidate
HabitRPG/habitica	develop	8e042cabc494b87375c9e6c9683aa7acf97815b9	2026-02-10T17:37:48-06:00	211	candidate
timeoff-management/application	master	5b1c1be08038e606bdd6ac5337c937847af1aa11	2024-01-30T12:52:01Z	0	candidate
coderaiser/cloudcmd	master	5c9ae0a0deefc5fdf8be073e04f3d5fa3c0aef60	2026-02-13T16:25:48+02:00	406	candidate
nasa/openmct	master	b476d1e0ce61d09a668619af553ccdca95bcc603	2026-02-13T20:39:57Z	29	candidate
badges/shields	master	726a3e0bb1575d76faa40043ab2f4b225a43e23f	2026-02-09T19:21:18Z	375	candidate
typicode/lowdb	main	966a3fde68b8c0fc4f4b9208fce56716a2facbf7	2025-07-24T14:49:33+02:00	1	candidate
louislam/uptime-kuma	master	223dd92cc222735ca784fe3bde487b9d989b9b4d	2026-02-14T00:03:16+08:00	486	candidate
coollabsio/coolify	main	fe0e374d61df95d8d8b570b9c90ad0383eef06fb	2026-02-13T18:47:54+01:00	3163	candidate
dani-garcia/vaultwarden	main	36f0620fd19af0816a7ee2ed882d368b1b298ddc	2026-02-10T20:34:30+01:00	133	candidate
portainer/portainer	develop	5aa92b8413cd148cea313e3eae9a6ef3cb319a3e	2026-02-13T12:48:17-03:00	586	candidate
subnub/myDrive	master	bae5dbbd53dfda744bc81d681aa87d9fee8979d8	2025-03-08T20:25:56-05:00	0	candidate
IMA-WorldHealth/bhima	master	c4d808300645d08720d8e418b1076bd9fc6f649d	2026-02-12T06:44:10+01:00	325	candidate
pugjs/pug	master	32acfe8f197dc44c54e8af32c7d7b19aa9d350fb	2024-05-24T18:31:53+01:00	2	candidate
handlebars-lang/handlebars.js	master	864b721fef273eb7d182a21891059f5213675e89	2025-08-19T22:53:19+02:00	32	candidate
mozilla/nunjucks	master	2025c933fba374482ef97122514bb36de6bf9de4	2025-12-01T10:51:51-05:00	2	candidate
mde/ejs	main	3cd835cfdaf327e4549bf9139e8613244ac5a929	2026-01-21T18:56:23-08:00	29	candidate
marko-js/marko	main	c7f331f5cfb9bd9450c7571a321361ae2dea0844	2026-02-11T14:00:16-08:00	1189	candidate
janl/mustache.js	master	972fd2b27a036888acfcb60d6119317744fac7ee	2023-01-21T18:51:41+01:00	0	candidate
harttle/liquidjs	master	02403a18798716f220ff65c222b86ae7896060f5	2026-01-19T23:26:49+08:00	86	candidate
eta-dev/eta	main	a5ba0b84db906867d2667b8bfe2ca4799aa69a64	2026-02-05T14:51:15-07:00	6	candidate
bradtraversy/node_passport_login	master	fc133ee1dc9d887c0545687674e0381b144aba78	2022-07-25T07:47:45-04:00	8	candidate
bradtraversy/storybooks	master	40105a86f63b5c7fa0e4d21e62461cae635f7a4b	2024-07-22T19:20:26+08:00	4	candidate
bradtraversy/devconnector_2.0	master	0da5372c1f26d5e3f7d419844b4c23e9872909b1	2023-02-17T11:47:34Z	0	candidate
academind/node-restful-api-tutorial	01-basic-setup	e00ce896dcf8f985400e3c92b4bac843c9c99934	2017-11-29T13:39:03+01:00	0	candidate
john-smilga/node-express-course	main	c5eb7536be91b6879aa6418ea457953574fd5da9	2023-04-30T14:59:53-04:00	0	candidate
WebDevSimplified/Nodejs-Passport-Login	master	a243b8d3e085fe914da802ba66004c1c539bacbd	2019-07-09T17:35:07-05:00	0	candidate
azat-co/proexpressjs	master	5370309c8ab5b0a534363a6e047c53e43bec1592	2017-11-12T10:54:50-06:00	0	candidate
bezkoder/node-js-jwt-auth	master	6aa349e1df0692440f398f321150450be77847f1	2023-06-28T10:24:29+07:00	0	candidate
trulymittal/Nodejs-REST-API	master	a9f1fb20da6e2f6d4c3324fe3034f4fbc27eed2d	2026-01-02T07:16:02+05:30	0	candidate
hoangvvo/nextjs-mongodb-app	v2	3a715f205da967e378a6d805614dcc13daf325f4	2022-06-11T03:05:29+07:00	0	candidate
FiloSottile/mkcert	master	1c1dc4ed27ed5936046b6398d39cab4d657a2d8e	2024-04-18T04:53:27-04:00	0	candidate
davewasmer/devcert	master	0638b157c156c41577e0bc0527ec946b2aed33c7	2022-06-11T17:51:51-05:00	2	candidate
therootcompany/greenlock-express.js	master	480352835a1617e5eb9011ee6eb1efe26aa6de97	2020-08-03T23:18:26-06:00	0	candidate
mattermost/mattermost	master	96899133c0945b67555c12e2060764dfaff58043	2026-02-13T15:07:14-05:00	1525	candidate
jitsi/jitsi-meet	master	56f77926044fa005a2489bff8d91dfce7150a59e	2026-02-13T13:16:22+01:00	643	candidate
excalidraw/excalidraw	master	89a9badc27d30947882be7f2d6230d95141dd18b	2026-02-13T22:33:52+01:00	181	candidate
PostHog/posthog	master	3e07a0b64305dfa53ec9948fabd20d4c8c15e504	2026-02-13T13:56:36-08:00	30563	candidate
apitable/apitable	develop	654845b607e59343551c7dca618c4a2acbb7489b	2026-01-19T17:20:41+08:00	9	candidate
requarks/wiki	scarlett	dc25db1139dd1cfb009f0f0a7793ecfa820dfb03	2026-01-25T05:44:33Z	204	candidate
plausible/analytics	master	95cf9784308cea2dd771f1d62292e7b7004ab891	2026-02-13T11:33:59Z	412	candidate
minio/minio	master	7aac2a2c5b7c882e68c1ce017d8256be2feea27f	2026-02-12T12:18:48-08:00	0	candidate
