repo	sha	reason	duplicateOf
UniPat-AI/Terminal-X	4a2da6e6e3a56fb096a33d7ad7cde9fce77b63cf	fixture-or-vendored	
Sarthak-1404/Travel-Planner	f80c8f14ca6a25c91b1ccaa1bc6ddb675889a6c4	identical-sha	Nikunj-1812/Travel-Planner
JabRef/JabRefOnline	3f79d7d7c4fcd82585eb7038cc0bf538df50a773	prisma-rejected	
omraval18/nclip	d37af69ad0da3f02967dd0a0f18756fffc0e552c	prisma-rejected	
HiYasin/better-auth-nextjs	18ef9ec5ddf9172bdd9cfc4e483d72f0da351159	identical-sha	LEZEgit/overflow
robertWalker68501/beetlejz	18ef9ec5ddf9172bdd9cfc4e483d72f0da351159	identical-sha	LEZEgit/overflow
robertWalker68501/corevia	18ef9ec5ddf9172bdd9cfc4e483d72f0da351159	identical-sha	LEZEgit/overflow
LuswetiNick/scrapr	18ef9ec5ddf9172bdd9cfc4e483d72f0da351159	identical-sha	LEZEgit/overflow
daksh151005/PRESENTIFI-	d84e521bdd92ec3fc8f3910544ec40116d3a6159	identical-sha	divy151005/-Presentifi--A-Qr-based-Attendance-System
rahulshettyacademy/eventhub	bf74b1556d094cdd0142f39265aedb7beb08117a	identical-sha	vinods0905/eventhub
Fifouuuu/eventhub	bf74b1556d094cdd0142f39265aedb7beb08117a	identical-sha	vinods0905/eventhub
nnty/eventhub	bf74b1556d094cdd0142f39265aedb7beb08117a	identical-sha	vinods0905/eventhub
anjalisi4883/PlaywrightAI	bf74b1556d094cdd0142f39265aedb7beb08117a	identical-sha	vinods0905/eventhub
rushikesh-kolpe21/project-management	90c52c8696eb8cdf0e30efd2b4dd046afb5be7b3	identical-sha	prasadbhalerao1/DBMS-ProjectManagement
La3ert/sub-market	9f6f9a838a930fbc554253fbe2e99c7d7f892915	prisma-rejected	
ChiragChrg/nextmart	54b7f83752d15b58f9b63a4f5a447d63e45fad99	prisma-rejected	
QuocThong1407/TheEverythingShop_Microservice_Clone-	69cdf1295bcd5df1926cdde50358ad20db59a1fa	prisma-rejected	
VoimaTechLab/voimaweb	4baca534503ac20c8e62a8441d536a5028c75a95	identical-sha	Bright-Anyawe/theod
Pratik-jagdale/ZeroTRUST-AI4Bharat-main	6c8034a2dd2d2d939e6985e94ebc53b36bc05608	identical-sha	prith486/zerotrust
yocxy2/canidrive9	9a15dbcb4cf443643a564232722c5d2c0f9cb5b6	identical-sha	rahmatdeep/r8r
gtsinnovation/west-africa-jobs	0d8ff38f3f43349b5e7da43eaeecdb9c9c6f0d70	prisma-rejected	
rounik-mondal/skillora	a20a1c7477641266614eb1daf3a3e885c30a13b6	identical-sha	Ishank107/Skillora-plateform
RonitKhanna333/sih-final2	8ba8b27064c4a8bc5540217d09b811d94bfd7a45	identical-sha	RonitKhanna333/sih-final-2
RonitKhanna333/sih-ps2	8ba8b27064c4a8bc5540217d09b811d94bfd7a45	identical-sha	RonitKhanna333/sih-final-2
RonitKhanna333/finsaathi	8ba8b27064c4a8bc5540217d09b811d94bfd7a45	identical-sha	RonitKhanna333/sih-final-2
Amzur-Git/Blood_Bank	106992f2825295c537f5ae72c0208b9b3a112ad9	prisma-rejected	
anonymous-boy332/new-acode-repo	eb37831370a744ce6cb8cbf18e92a780823fe7fe	prisma-rejected	
yaseenismail2004-stack/tajlbari	cc9ef7762861d3af69b4f5e604de674fc9480d15	prisma-rejected	
rimz05/jeerafinal	a8ddab75fde10bf2669a536192b08cd82a769515	identical-sha	rimz05/jeera
JonathanArroyaveGonzalez/prototipo-santuarios	4558a1e94e1b825f723fb5b8376977459cbd0bff	identical-sha	JEAG02/Santuario_Victimas_Conflicto_Armado
SHREYOTHECODINGEXPERTO/STUDY-QUEST-AI	1b045115eef5bb205abc4d96831d5d72f0ef35fa	identical-sha	SHREYOTHECODINGEXPERTO/StudyQuest-AI
29Nancy/Skill-Exchange-Platform	432f8ffb9101e21af9177b12b381aafdedbacb5e	identical-sha	azadgupta1/Nuvora
nikunjcodes/skillswap	432f8ffb9101e21af9177b12b381aafdedbacb5e	identical-sha	azadgupta1/Nuvora
GOMEZS25/floracore	6fe1f87c035f228333bffe17286569b2b2deadb0	prisma-rejected	
nihalgonsalves/expenses	36ef2bd14ddd9fd3eb427b62113f25da232c89bf	prisma-rejected	
elicharlese/TinTin	0d8beb17a8faadd51abb73efce884e68b44acbd8	prisma-rejected	
adarshsinghh13/fundsroom-erp-crm	afe9a75b648521bc50145315ad3b210ceff70c33	identical-sha	Anurudrr/fundsroom-erp-crm
alramady/alruhaily_ndmo	af885e9f8359d55b49e3ba1304288da73f9d9174	identical-sha	alramady/rased-platform-brain-20260310-1
NDMOPRO/alramady	af885e9f8359d55b49e3ba1304288da73f9d9174	identical-sha	alramady/rased-platform-brain-20260310-1
seif090/Multi-Sport-Market	b48184846c450ac562c56efa64a5906b4c2473d1	prisma-rejected	
eggarcia98/food-order-operations	e8c5f55cd872715e5d9d4677edac350554288ee3	identical-sha	eggarcia98/food-order-system
Aditya060806/Verivox	d943bc9171114c5b1a23ae87c259de8bec870437	identical-sha	ParthGupta1304/CLARIX
Abdulazizshaban22/Access-HR	0cb216b35300e3e32bb7a15f9dc8e50f0cb557b4	prisma-rejected	
ThuThao2724/Coffee-Shop	2c21d0c5f05f1f73efe765f724609a29273916c0	identical-sha	hoanggiakz/coffe-shop
AfonsoSantos44/CRM-Mechanic	d9c1187ac28e7fd5c980755b23237e4dde9b50a4	prisma-rejected	
DiegoMarzioni/TestAdmin	69e1522599b20601b9c0e55df2947919848d66cc	identical-sha	DiegoMarzioni/testadminback
vansh-khaneja/stacklyn-backend	7672832c35f63d39584fb4b5a91d561f19472497	identical-sha	vansh-khaneja/PromptOps-Backend
Aayush3238/CodeLens	07996142ab22fb288dbc9bc006aa4b02cb9ae435	prisma-rejected	
Reevit-Platform/docs-v2	a43bc223c6b51815212df8c6a02eae4f4fd8c02f	identical-sha	openshiporg/docs
miguelpradomusinvideo-jpg/whas	e1eeaa3f3b16b49355ed5fdd4258dc3d2b76bef7	identical-sha	oiov/wr.do
muhammadadil8095/AutoMark-Admin	58e6022a68b37b464c5e54a7b1d0ba5e5253406a	identical-sha	Nandini-Sarala/SmartAttend
komalpreetkaur05/SafeSpaceApp	a6ff0e8fcc81b90eb54f70528002c5531203b2cf	prisma-rejected	
RhailynJane/SafeSpaceApp_Web	a6ff0e8fcc81b90eb54f70528002c5531203b2cf	prisma-rejected	
Mukxxhh/ApplyOs	be6b88aaa5c9619d11429fd2a40e4b459d3c3990	prisma-rejected	
lucifer-kj/haircrew-app	1cfd87a3702b65f27e8cef50bc659c6d29b858f0	identical-sha	crocknestclub-svg/Crocknestclub
Sujal12345-pheoniix/Gupta_Mobile_centre	83e8bc42dbdd9d74c499664e6d24301af25e7626	prisma-rejected	
hatause/hakaton	586be14e6dbed376745b014301af0152f990ec2f	identical-sha	hatause/team-ENERGO
hatause/AiTutor	586be14e6dbed376745b014301af0152f990ec2f	identical-sha	hatause/team-ENERGO
umeriqbal633/Route_Ready_Web_App_for-_Easy_Travel_in_Pakistan	2df0c1fed0a53ea9fec0071a4634a9c8db61d0df	identical-sha	umeriqbal633/route-ready-web-app-for-easy-travel-in-pakistan
stagsz/Selfassesment-app	8d976df6611e1a15e2ca962a8549897138c66ac0	identical-sha	stagsz/MyAiCompany
ejajmahmud/sys-typescript-auto-ledger	14143f81f6a75ef4985748702163f11d131f4054	identical-sha	deVThish/Auto-Ledger-Backup
vthish/Auto-Ledger	14143f81f6a75ef4985748702163f11d131f4054	identical-sha	deVThish/Auto-Ledger-Backup
stevesdiary/railflow	f2cf0a4eee1ee8d221c28573fcd63eb1c90fe428	prisma-rejected	
abdulrahman-sde/Dealport-Ecommerce-Admin-Dashboard-	f126ffe3f7dfe36702ed3fdbbaa75ba4046fd874	identical-sha	abdulrahman-sde/admin-dashboard
srujandivakar/DCode	cf287c0fb0f4577ef879bec2bef44325ac67e665	identical-sha	srvjha/codewarriors
saksham23467/vs-bansal-website	9e7f9146f1ccad9ef8bf7c38fcc03eceeaaf650a	identical-sha	saksham23467/vs-bansal-websitee
dndiaye66/echowork	9fe7434fefc6e199ed2f10c17007dcc4b96935c4	identical-sha	dndiaye66/echowork1.0
kynexstudio/renmat-test-new	be8c6d80bb82432fd8b020832e75f8d779a428bd	prisma-rejected	
PaxinNobis/PW-Backend	c0620950fc1b120ecbfcc0abb6b6ab20cb417500	identical-sha	Cebasbh/Backend_AstroTV
OrganizeOS-HQ/websites-builder	be8c6d80bb82432fd8b020832e75f8d779a428bd	prisma-rejected	
Osamafrahat/farmatia	4808ab11c9b4667b8872556baaa8cd59403b9770	prisma-rejected	
Osamafrahat/car-rental	4808ab11c9b4667b8872556baaa8cd59403b9770	prisma-rejected	
Muddasir-Haider-Khan/ms.solutions	46aca69e8c6f879fa059777cb040a4abd248ea75	prisma-rejected	
waicharikim/UJAMAA_DAO	8d9c55ce77b666caeed8278ca2dbb31f3b8da016	prisma-rejected	
dnsxmrs/sjsfi-sis-registrar	25ec384b3c435aba692a69c3be95ff5e571e91b5	identical-sha	dnsxmrs/sjsfi-sis-student
Nithish-P90/mv-software	428d91b6980f0f193c4e2f3f7dbd5f1f2de377d8	identical-sha	Nithish-P90/liquor-management
4ankitgupta/super-admin-backend	71b3290013d48ea592320ac5e986cc0bb57f2f41	identical-sha	4ankitgupta/restaurant-pos-backend
Tsiarofy/Eschool_back	a008f1dc85f369b1a248103772bac5423ce07831	prisma-rejected	
mohamedmodizo/Budget-bite-kenya	57d4dac04da3ce65eb3b2886d4917bb2a3452233	prisma-rejected	
nikesh01-free/parasmedicineapp-b2b-	b88b609749c0d6131be7efc7660ade083f457b8b	prisma-rejected	
eliezerphilippe0-spec/union-digitale	5af5b5300d5113b98fc30db995125f6b9165a2ca	prisma-rejected	
jitenkr2030/cannaos	30b145b866e27f079c9867ebc0776056f92e81c1	prisma-rejected	
Akanimoh12/Stellar-Tipz	3af9186e202964513f6f9335fd9a6beeb02f5f87	prisma-rejected	
qazxswedc7144-boop/Pharmaflow-350	b7a3ef280eadc348ce93112b392520f7aa843161	identical-sha	qazxswedc7144-boop/pharmaflow
Jejenzmi/jateng-cashconnect	2b5ae86853e965423d093f54978476b902b84df7	prisma-rejected	
Jejenzmi/simrszen	2b5ae86853e965423d093f54978476b902b84df7	prisma-rejected	
Kvarell/ttrpg-platform	a3274fbe373744fcc15aa5e5f7146f6d4536c6f1	identical-sha	AnatoliiYarmolenko/ttrpg-platform
CaptainPhantasy/PSI09182026	f8728ebd755cb4cb806baf0dfabfd39a2942ada6	identical-sha	CaptainPhantasy/precision-sewer-inspection
Shreesh-Sree/codepro-workflow	2a023d8051b659b1871207ea35d54aaf777dd50e	identical-sha	Shreesh-Sree/codepro
FransMalifra/1	f6c67dfc0ac78cbacd67654e432dde25956fedc6	prisma-rejected	
ConanZHZH/cal_dot_com__cal.com__cubic-v2__PR10967__20260313	ec45c33d0c9e1e905f1cc47177a65f10aaa75bb4	pr-snapshot	
Bohiques-BPS/Pazzi	c09eb480e13b5e0f29fbac673415c79b3f6770a3	prisma-rejected	
joaovitordossantosferreirafran-ux/delta	f6c67dfc0ac78cbacd67654e432dde25956fedc6	prisma-rejected	
code-review-benchmark/cal_dot_com__cal.com__copilot-v2__PR10967__20260624	ec45c33d0c9e1e905f1cc47177a65f10aaa75bb4	pr-snapshot	
tmp-offline-benchmark-test/cal_dot_com__cal.com__copilot-current__PR10967__20260331	ec45c33d0c9e1e905f1cc47177a65f10aaa75bb4	pr-snapshot	
LX-CodeReview/cal_dot_com__cal.com__codehawk__PR10967__20260407	ec45c33d0c9e1e905f1cc47177a65f10aaa75bb4	pr-snapshot	
code-review-benchmark/cal_dot_com__cal.com__qodo-v22__PR10967__20260312	ec45c33d0c9e1e905f1cc47177a65f10aaa75bb4	pr-snapshot	
YVTomov22/mrezhen..	2287e835193738cc48914344b3a7f81f1a80317d	identical-sha	YVTomov22/Mrezhen
dncar13/marketing	333e6e7d491216b28b3880e5ab4b449577ba93e4	identical-sha	engelmarkde/social_media
altafpasha/postiz	333e6e7d491216b28b3880e5ab4b449577ba93e4	identical-sha	engelmarkde/social_media
imanElomari/postiz-brands	333e6e7d491216b28b3880e5ab4b449577ba93e4	identical-sha	engelmarkde/social_media
imanElomari/media-admin	333e6e7d491216b28b3880e5ab4b449577ba93e4	identical-sha	engelmarkde/social_media
migueljnew-droid/biopoint	1c8019aad5b6efca5bf6429f6d57b291c6c61d3b	prisma-rejected	
KRYZENSYS/00o-platform	fa64755fe7ec5bba9dd75b8a32a345daa38bbe9d	prisma-rejected	
Tarkin888/ai-governance-studio	ade33e23bad90bbf92b080549b1c1fbe33c55caf	prisma-rejected	
mutheejj/vote	1c12c8862f391d74f54e158b1928a63fdc774ca4	prisma-rejected	
kennethma08/movensa-gestion	f88a72a106fd8f39c097661c8d0c69f62be60c8e	identical-sha	orekoapp/oreko
ShakyaAbi/Merlin-GarmentFac	313185b7bc3a7826032731a81440d972e7b4c191	prisma-rejected	
Marres-bit/AutoGPT-practice	2f6c109c0362b6bbfb3ecf7356b585283ece0138	prisma-rejected	
Brodie-Eaze/eazepay-intelligence	e2b3efae4cb53c1a65f758ea6cb9eaa8dc481755	prisma-rejected	
YasminIlagan/Applicant--ATS--AIMI	d455b75e6af2444defa9de5d69ce5966699be6ff	identical-sha	YasminIlagan/ATS--Applicant-Dashboard--AIMI
carlhuan/integration-test	2f6c109c0362b6bbfb3ecf7356b585283ece0138	prisma-rejected	
skygenesisenterprise/astron-collection	4b1f0fbfee0f315a4b59466b510d925c5c39af1c	identical-sha	skygenesisenterprise/vaelixbank
ShadCanard/SunsetRP	89d0e3348557bdf73de6ee626a0c0939b218eb1d	prisma-rejected	
code-review-benchmark/cal_dot_com__cal.com__claude-code__PR22532__20260310	b4c1698dff5af65fe7eb587c6ebd0713e236050e	prisma-rejected	
code-review-benchmark/cal_dot_com__cal.com__bito__PR22532__20260310	b4c1698dff5af65fe7eb587c6ebd0713e236050e	prisma-rejected	
ConanZHZH/cal_dot_com__cal.com__cubic-v2__PR22532__20260313	b4c1698dff5af65fe7eb587c6ebd0713e236050e	prisma-rejected	
code-review-benchmark/cal_dot_com__cal.com__cubic-v2__PR22532__20260313	b4c1698dff5af65fe7eb587c6ebd0713e236050e	prisma-rejected	
BrekfuzOrg/cal_dot_com__cal.com__brekfuz__PR22532__20260822	b4c1698dff5af65fe7eb587c6ebd0713e236050e	prisma-rejected	
shivajid/gke-vibebench	34686148ce0bfc5e401237b61a6b8e05f96e6d08	identical-sha	ViBench/vibench-public
kreativae/SistemaCampoFlow	6d778ff0d4ea6f2338f8fc05c2b2320491fbeb7f	identical-sha	kreativae/CampoFlow
peesaeung/express-node	f25489285e3ed50124357c0bc5edc058d36d9dbb	identical-sha	peesaeung/socketio-nextjs
vladpm/dpp-recovered	1dfc943e86fb45c594a5f98ed4a3f54db041d453	identical-sha	Azure-Samples/Digital-Permit-Platform
raul2105/WMS-Mangueras-y-conexiones	1525fd1e1f8b6139b1a079ec14b97b2a1b2edcee	prisma-rejected	
xarlytos/silxarcrm	40f9635b5961c34ddc7202deb12bc96fa1ea1422	prisma-rejected	
walaeddine-riahi/survive.admin	e3cc4157b7238748e31cf0f3aac2b3c6d0c5ef01	prisma-rejected	
